nombre,temporada,posicion,edad,partidos,goles,asistencias,etiqueta,probabilidad,prediccion,fuente
Darío Benedetto,2017,Centre-Forward,27,17,14,6,1,1.0,1,test
Darío Benedetto,2016,Centre-Forward,26,28,24,3,1,0.9999999999999993,1,test
Jonathan Calleri,2014,Centre-Forward,20,51,21,11,1,0.9999999999999967,1,cv
Martín Palermo,2007,Centre-Forward,33,48,31,9,1,0.9999999999999427,1,cv
Martín Palermo,2006,Centre-Forward,32,46,28,8,1,0.9999999999969691,1,cv
Juan Román Riquelme,2001,Attacking Midfield,23,26,10,14,1,0.9999999999824727,1,cv
Rodrigo Palacio,2006,Centre-Forward,24,44,23,9,1,0.9999999999160394,1,cv
Martín Palermo,2000,Centre-Forward,26,18,11,1,1,0.9999999998567428,1,cv
Juan Román Riquelme,2006,Attacking Midfield,28,26,10,11,1,0.9999999998374527,1,cv
Ramón Ábila,2017,Centre-Forward,27,24,13,5,1,0.9999999998347586,1,cv
Martín Palermo,2008,Centre-Forward,34,26,12,6,1,0.9999999998084947,1,cv
Martín Palermo,2004,Centre-Forward,30,41,22,6,1,0.9999999997444435,1,cv
Andrés Guglielminpietro,2004,Left Midfield,30,33,11,5,1,0.9999999996566613,1,cv
Carlos Tévez,2002,Centre-Forward,18,42,16,15,1,0.9999999994883841,1,cv
Rodrigo Palacio,2007,Centre-Forward,25,47,17,18,1,0.9999999992909321,1,cv
Marcelo Delgado,2002,Centre-Forward,29,45,18,13,1,0.9999999986494634,1,cv
Guillermo Barros Schelotto,2001,Centre-Forward,28,28,10,11,1,0.9999999984082963,1,cv
Juan Román Riquelme,2007,Attacking Midfield,29,22,7,8,1,0.9999999983378027,1,cv
Rodrigo Palacio,2005,Centre-Forward,23,36,22,0,1,0.9999999981970336,1,cv
Guillermo Barros Schelotto,2002,Centre-Forward,29,29,15,3,1,0.9999999975686722,1,cv
Edinson Cavani,2023,Centre-Forward,36,39,20,1,1,0.9999999955203174,1,test
Martín Palermo,2005,Centre-Forward,31,38,19,3,1,0.9999999800872379,1,cv
Cristian Pavón,2015,Right-Back,19,15,7,3,1,0.9999999608212069,1,cv
Carlos Tévez,2003,Centre-Forward,19,43,18,10,1,0.9999999591288405,1,cv
Juan Román Riquelme,2009,Attacking Midfield,31,24,3,12,1,0.9999999525116299,1,cv
Daniel Osvaldo,2014,Centre-Forward,28,16,7,2,1,0.9999999349334037,1,cv
Juan Román Riquelme,2000,Attacking Midfield,22,41,13,12,1,0.9999999310917659,1,cv
Martín Palermo,2009,Centre-Forward,35,36,16,2,1,0.9999999160104891,1,cv
Darío Benedetto,2021,Centre-Forward,31,42,19,3,1,0.9999999108022828,1,test
Guillermo Barros Schelotto,2003,Centre-Forward,30,33,10,9,1,0.9999997921300584,1,cv
Eduardo Salvio,2019,Right Winger,28,36,13,6,1,0.9999997745465083,1,cv
Rodrigo Palacio,2008,Centre-Forward,26,27,10,6,1,0.999999732044491,1,cv
Carlos Tévez,2015,Centre-Forward,31,28,11,4,1,0.9999996905244563,1,cv
Carlos Tévez,2019,Centre-Forward,35,34,14,3,1,0.9999996378091249,1,cv
Juan Román Riquelme,2013,Attacking Midfield,35,23,7,5,1,0.9999996312918287,1,cv
Sebastián Villa,2021,Left Winger,25,42,11,15,1,0.9999996050021881,1,cv
Guillermo Barros Schelotto,2000,Centre-Forward,27,30,11,5,1,0.9999995663315309,1,cv
Darío Benedetto,2015,Centre-Forward,25,5,2,1,1,0.9999995633179266,1,test
Emmanuel Gigliotti,2013,Centre-Forward,26,45,18,2,1,0.9999992083971834,1,cv
Santiago Silva,2012,Centre-Forward,31,30,12,1,1,0.9999986097418171,1,cv
Darío Cvitanich,2011,Centre-Forward,27,40,10,5,1,0.9999983502401052,1,cv
Miguel Merentiel,2023,Centre-Forward,27,49,17,7,1,0.9999981547687482,1,test
Miguel Merentiel,2022,Centre-Forward,26,49,18,5,1,0.9999981509438423,1,test
Juan Román Riquelme,2008,Attacking Midfield,30,35,7,9,1,0.9999974785449248,1,cv
Martín Palermo,2010,Centre-Forward,36,38,14,3,1,0.9999972117722133,1,cv
Cristian Pavón,2017,Right-Back,21,43,9,18,1,0.9999971585026287,1,cv
Ramón Ábila,2019,Centre-Forward,29,27,12,2,1,0.9999968834324283,1,cv
Juan Román Riquelme,2011,Attacking Midfield,33,38,8,9,1,0.9999966104256768,1,cv
Mauro Zárate,2018,Centre-Forward,31,44,11,12,1,0.9999962023425997,1,cv
Ramón Ábila,2018,Centre-Forward,28,32,11,6,1,0.9999958387287163,1,cv
Marcelo Delgado,2000,Centre-Forward,27,40,12,11,1,0.9999951908588129,1,cv
Luciano Figueroa,2008,Centre-Forward,27,21,8,1,1,0.9999945056605272,1,cv
Walter Gaitán,2001,Attacking Midfield,24,28,9,4,1,0.9999944773649413,1,cv
Sebastián Battaglia,2009,Defensive Midfield,28,10,3,2,1,0.9999941189107047,1,cv
Juan Román Riquelme,2010,Attacking Midfield,32,13,4,1,1,0.9999928110939095,1,cv
Rodrigo Palacio,2004,Centre-Forward,22,31,10,6,1,0.9999905923340859,1,cv
Alfredo Moreno,2002,Centre-Forward,22,11,5,0,1,0.9999891860935741,1,cv
Cristian Pavón,2016,Right-Back,20,33,9,10,1,0.9999881503198123,1,cv
Nicolás Lodeiro,2014,Attacking Midfield,25,31,6,9,1,0.9999864921448148,1,cv
Miguel Merentiel,2024,Centre-Forward,28,44,15,4,1,0.9999839198107895,1,test
Antonio Barijho,2003,Centre-Forward,26,19,8,1,1,0.9999816165242493,1,cv
Ariel Carreño,2001,Centre-Forward,22,19,5,3,1,0.9999538735042723,1,cv
Antonio Barijho,2000,Centre-Forward,23,28,9,4,1,0.9999396620722368,1,cv
Juan Manuel Martínez,2014,Right Winger,28,20,7,2,1,0.9999338979788235,1,cv
Milton Giménez,2024,Centre-Forward,27,34,10,4,1,0.9999241742471457,1,test
Andrés Chávez,2014,Centre-Forward,23,33,10,5,1,0.9999229617899235,1,cv
Marcelo Delgado,2001,Centre-Forward,28,33,8,7,1,0.9999136574471902,1,cv
Carlos Tévez,2017,Centre-Forward,33,24,7,2,1,0.999900154083988,1,cv
Nicolás Lodeiro,2015,Attacking Midfield,26,20,5,5,1,0.9998979852196296,1,cv
Edwin Cardona,2019,Attacking Midfield,26,25,4,8,1,0.9998887106738726,1,cv
Santiago Silva,2011,Centre-Forward,30,25,7,5,1,0.9998635436239108,1,cv
Lucas Viatri,2007,Centre-Forward,20,4,1,1,0,0.9998530820307672,1,cv
Jesús Dátolo,2007,Left Midfield,23,40,7,7,1,0.9997945811511322,1,cv
Carlos Tévez,2020,Centre-Forward,36,17,4,3,1,0.9997757868519476,1,cv
Federico Insúa,2005,Attacking Midfield,25,37,11,0,1,0.9997563827392213,1,cv
Lucas Viatri,2008,Centre-Forward,21,33,9,5,1,0.9997555266019731,1,cv
Sebastián Villa,2020,Left Winger,24,27,9,1,1,0.9997457044955322,1,cv
Nicolás Blandi,2011,Centre-Forward,21,23,9,0,1,0.9997413223428457,1,cv
Leandro Gracián,2007,Attacking Midfield,24,32,6,6,1,0.9996807028105242,1,cv
Pablo Pérez,2017,Central Midfield,31,36,8,6,1,0.9995609533867919,1,cv
Jorge Bermúdez,2000,Centre-Back,29,39,5,1,0,0.9993652632938769,1,cv
Edwin Cardona,2020,Attacking Midfield,27,21,3,8,1,0.9992486595526223,1,cv
Nicolás Blandi,2012,Centre-Forward,22,27,8,2,1,0.9992434590170477,1,cv
Nico Gaitán,2009,Attacking Midfield,21,33,7,7,1,0.9992280289937494,1,cv
Pablo Mouche,2011,Left Winger,23,53,11,8,1,0.9990621684155675,1,cv
Luca Langoni,2021,Right Winger,19,22,7,1,1,0.9989546605053562,1,test
Jonathan Fabbro,2002,Attacking Midfield,20,7,2,1,1,0.9989533792778279,1,cv
Sebastián Palacios,2014,Right Winger,22,23,6,3,1,0.9988654603294139,1,cv
Daniel Bilos,2005,Left Midfield,24,33,4,1,0,0.9987815423039619,1,cv
Frank Fabra,2015,Left-Back,24,14,2,4,1,0.9985861477598675,1,test
Carlos Palacios,2024,Attacking Midfield,23,36,3,4,0,0.9979180819370328,1,test
Frank Fabra,2024,Left-Back,33,4,0,2,0,0.9978481823633948,1,test
Neri Cardozo,2003,Attacking Midfield,16,24,5,5,1,0.9976889662961067,1,cv
IarleyIarley,2003,Centre-Forward,29,34,5,2,1,0.9975248381899202,1,cv
Neri Cardozo,2006,Attacking Midfield,19,50,10,6,1,0.996989905478657,1,cv
Lucas Viatri,2011,Centre-Forward,24,21,5,3,1,0.9968095519493356,1,cv
Kevin Zenón,2023,Left Winger,21,46,6,7,1,0.9964991329032077,1,test
Matías Donnet,2003,Attacking Midfield,23,34,7,5,1,0.996374798621446,1,cv
Ezequiel González,2002,Attacking Midfield,21,26,4,2,1,0.995591313154582,1,cv
Óscar RomeroÓ. Romero,2021,Attacking Midfield,28,46,2,10,1,0.9955422021692847,1,cv
Javier Villarreal,2003,Right Midfield,24,29,6,4,1,0.9947428696404117,1,cv
Rodrigo Battaglia,2024,Defensive Midfield,32,35,5,0,0,0.9946399030146373,1,test
Neri Cardozo,2004,Attacking Midfield,17,42,7,8,1,0.994094241844689,1,cv
Bruno Marioni,2006,Left Winger,31,18,3,2,1,0.9939806309827776,1,cv
Milton Giménez,2023,Centre-Forward,26,25,7,1,1,0.9938903466024199,1,test
Emmanuel Gigliotti,2014,Centre-Forward,27,17,5,1,1,0.9934598648652219,1,cv
Carlos Tévez,2018,Centre-Forward,34,38,6,6,1,0.9916500140686678,1,cv
Guillermo Barros Schelotto,2004,Centre-Forward,31,27,4,6,1,0.9904711091569175,1,cv
Federico Carrizo,2014,Left Winger,23,35,3,8,1,0.9901923340185118,1,cv
Edwin Cardona,2017,Attacking Midfield,24,32,7,3,1,0.9893001883741482,1,cv
Luis Vázquez,2020,Centre-Forward,19,26,7,2,1,0.986817156263176,1,cv
Martín Payero,2022,Central Midfield,23,15,4,1,1,0.986793864378425,1,cv
Neri Cardozo,2008,Attacking Midfield,21,2,0,1,0,0.9854972645418687,1,cv
Juan Román Riquelme,2012,Attacking Midfield,34,13,2,1,0,0.983800754352895,1,cv
Sebastián Villa,2019,Left Winger,23,39,5,7,1,0.9802018608957057,1,cv
Lucas Viatri,2010,Centre-Forward,23,28,7,1,1,0.9801999303877855,1,cv
Edinson Cavani,2024,Centre-Forward,37,24,5,2,1,0.9794750874758578,1,test
Antonio Barijho,2001,Centre-Forward,24,6,2,0,0,0.9781491913521535,1,cv
Exequiel Zeballos,2024,Right Winger,22,35,6,4,1,0.9777925279085864,1,test
Franco Cángele,2003,Second Striker,18,31,6,4,1,0.9651139610866636,1,cv
Sebastián Battaglia,2003,Defensive Midfield,22,18,3,1,0,0.96185077807604,1,cv
Darío Benedetto,2018,Centre-Forward,28,26,5,2,1,0.9574317071302793,1,test
Walter Gaitán,2000,Attacking Midfield,23,23,5,1,1,0.9487496409759222,1,cv
Guido Vadalá,2014,Attacking Midfield,17,2,0,1,0,0.9438903812437821,1,cv
Norberto Briasco,2021,Right Winger,25,7,2,0,0,0.9397122556113565,1,test
Nazareno Solís,2016,Left Winger,22,4,0,2,0,0.9357482571565773,1,cv
Gary Medel,2009,Defensive Midfield,21,29,7,1,1,0.9356587030704299,1,test
Andrés Chávez,2015,Centre-Forward,24,22,4,3,1,0.9318933240088103,1,cv
Marcelo Meli,2014,Central Midfield,22,41,5,7,1,0.9314854617541757,1,cv
Mauro Zárate,2019,Centre-Forward,32,24,5,2,1,0.9313986525014614,1,cv
Federico Carrizo,2015,Left Winger,24,16,3,2,1,0.9290109347751799,1,cv
Cristian Pavón,2018,Right-Back,22,28,5,4,1,0.9289411393049507,1,cv
Mauro Boselli,2007,Centre-Forward,22,25,4,5,1,0.9202383579736522,1,cv
Federico Insúa,2009,Attacking Midfield,29,30,3,5,1,0.9196527067782337,1,cv
Fernando Gago,2016,Defensive Midfield,30,19,2,3,0,0.917418541515185,1,cv
Darío Benedetto,2022,Centre-Forward,32,41,6,4,1,0.9148534628617034,1,test
Pablo Ledesma,2012,Central Midfield,28,21,3,2,0,0.9094258530226809,1,cv
Marcelo Delgado,2005,Centre-Forward,32,17,4,0,0,0.9063126022541513,1,cv
Cristian Chávez,2008,Attacking Midfield,22,18,3,2,1,0.9032932491805333,1,cv
Omar Pérez,2000,Attacking Midfield,19,29,6,0,1,0.9006356014582215,1,cv
Mauro Boselli,2006,Centre-Forward,21,21,5,1,1,0.900046203249389,1,cv
Juan Sánchez Miño,2013,Left-Back,23,31,4,8,1,0.8954849275343261,1,cv
Pablo Mouche,2010,Left Winger,22,31,2,8,1,0.892165416688572,1,cv
Valentín Barco,2022,Central Midfield,17,32,1,4,0,0.8804530175423433,1,cv
Junior Benítez,2016,Left Winger,23,10,2,1,0,0.8478494031158691,1,cv
Agustín Marchesín,2024,Goalkeeper,36,40,0,0,0,0.8293298433550015,1,test
Lucas Viatri,2012,Centre-Forward,25,25,5,1,1,0.8052174410166603,1,cv
Fernando Gago,2014,Defensive Midfield,28,33,4,4,1,0.8047559410381426,1,cv
Óscar RomeroÓ. Romero,2022,Attacking Midfield,29,19,2,4,1,0.798641784548377,1,cv
Diego Cagna,2004,Right Midfield,34,40,7,1,1,0.7911239632033028,1,cv
BaianoBaiano,2004,Right-Back,26,15,2,3,1,0.784945923139919,1,cv
Nico Gaitán,2008,Attacking Midfield,20,40,5,4,1,0.7780078857932469,1,cv
Frank Fabra,2021,Left-Back,30,48,3,8,1,0.7763059629393756,1,test
Cristian Lema,2023,Centre-Back,33,34,1,2,0,0.7688022099418428,1,test
Exequiel Zeballos,2022,Right Winger,20,21,2,4,0,0.7667735710220481,1,test
Eduardo Salvio,2021,Right Winger,30,19,4,0,0,0.7489556349352617,1,cv
Ayrton Costa,2024,Centre-Back,24,26,3,1,0,0.737876850195069,1,test
Mauro Boselli,2004,Centre-Forward,19,10,2,1,0,0.724240021611592,1,cv
Walter Bou,2016,Centre-Forward,22,28,6,1,1,0.7160846790382857,1,cv
Frank Fabra,2017,Left-Back,26,27,3,3,0,0.7154021172958828,1,test
Gonzalo Maroni,2020,Attacking Midfield,21,13,3,0,0,0.7030172222164026,1,cv
Raúl Estévez,2002,Right Winger,24,26,1,6,0,0.7012831096332565,1,cv
Luis Vázquez,2022,Centre-Forward,21,20,3,3,1,0.6850226735782966,1,cv
Alan Velasco,2024,Left Winger,21,31,1,2,0,0.681317120952535,1,test
Pablo Pérez,2014,Central Midfield,28,25,3,5,1,0.6796334996994132,1,cv
Luciano Acosta,2013,Attacking Midfield,19,19,2,2,0,0.6703600092434941,1,cv
Walter Bou,2017,Centre-Forward,23,19,4,1,1,0.6662652727058818,1,cv
Pablo Ledesma,2011,Central Midfield,27,29,4,1,0,0.6653872838186964,1,cv
Neri Cardozo,2007,Attacking Midfield,20,36,3,6,1,0.6525437123454843,1,cv
Matías Giménez,2009,Left Midfield,24,8,2,0,0,0.6524680585816691,1,cv
Exequiel Zeballos,2021,Right Winger,19,29,4,2,0,0.5947046700085682,1,test
Frank Fabra,2016,Left-Back,25,22,2,3,0,0.583530523952907,1,test
Cristian Pavón,2020,Right-Back,24,32,4,5,1,0.5834153657451541,1,cv
Walter Erviti,2011,Central Midfield,31,47,5,4,1,0.5658171162426451,1,cv
Rolando Schiavi,2012,Centre-Back,39,19,3,0,0,0.5495693569070593,1,cv
Juan Manuel Martínez,2013,Right Winger,27,37,3,6,1,0.5430693679661016,1,cv
Pablo Ledesma,2007,Central Midfield,23,38,6,1,1,0.5395970293184513,1,cv
Sebastián Battaglia,2006,Defensive Midfield,25,23,3,0,0,0.5257328965256086,1,cv
Ricardo Noir,2007,Attacking Midfield,20,9,1,2,0,0.520099126543098,1,cv
Gustavo Barros Schelotto,2000,Central Midfield,27,14,2,1,0,0.5042957844941659,1,cv
Sebastián Battaglia,2001,Defensive Midfield,20,27,3,1,0,0.4960162172185791,0,cv
Brian Aguirre,2023,Left Winger,20,18,3,1,0,0.4847043756162335,0,test
Matías Donnet,2002,Attacking Midfield,22,31,5,1,1,0.45584696771222216,0,cv
Lautaro Acosta,2012,Left Winger,24,27,0,3,0,0.4528673701493698,0,cv
Rolando Schiavi,2001,Centre-Back,28,37,5,1,0,0.43245084104239284,0,cv
Nahitan Nández,2018,Right Midfield,22,27,2,4,0,0.42367394379422885,0,cv
Pablo Ledesma,2006,Central Midfield,22,48,2,9,1,0.41760320115520727,0,cv
Frank Fabra,2020,Left-Back,29,36,2,5,0,0.41296302662118267,0,test
Nahitan Nández,2017,Right Midfield,21,38,4,3,1,0.39404892768303895,0,cv
Marcelo Delgado,2004,Centre-Forward,31,28,3,3,0,0.3883324445761704,0,cv
Christian Giménez,2001,Attacking Midfield,20,31,4,1,0,0.38706480050241476,0,cv
Guillermo Barros Schelotto,2005,Centre-Forward,32,24,3,1,0,0.36396339208388884,0,cv
Sebastián Battaglia,2002,Defensive Midfield,21,37,3,2,0,0.3580081313288387,0,cv
Lucas Viatri,2009,Centre-Forward,22,22,4,0,0,0.357225895307479,0,cv
Marcos Rojo,2021,Centre-Back,31,29,5,0,0,0.35390478189521135,0,test
Fabián Vargas,2008,Central Midfield,28,38,2,7,1,0.346946238535531,0,cv
Emanuel Reynoso,2019,Attacking Midfield,23,21,2,3,0,0.32395048134823606,0,cv
Juan Krupoviesa,2006,Left-Back,27,12,2,1,0,0.28196752131548003,0,cv
Marcelo Saracchi,2023,Left-Back,25,25,3,3,0,0.279295228834008,0,test
Agustín Almendra,2020,Central Midfield,20,29,4,2,0,0.25523476371352083,0,cv
Frank Fabra,2019,Left-Back,28,36,2,4,0,0.2463254767902664,0,test
Lautaro Blanco,2023,Left-Back,24,46,0,9,0,0.24080580131961513,0,test
Aarón Anselmino,2023,Centre-Back,18,18,2,3,0,0.23755860813914279,0,test
Kevin Zenón,2024,Left Winger,22,33,4,0,0,0.23236990160137036,0,test
Cristian Medina,2022,Central Midfield,20,49,5,4,1,0.22248901227435916,0,test
Sebastián Villa,2018,Left Winger,22,32,3,4,1,0.2171421775308482,0,cv
Luis Advíncula,2022,Right-Back,32,40,4,4,1,0.21377688892990396,0,test
Sebastián Battaglia,2007,Defensive Midfield,26,46,4,0,0,0.20817048482568715,0,cv
Leandro Paredes,2024,Defensive Midfield,30,18,1,4,0,0.20336333111562563,0,test
Eros Mancuso,2020,Right-Back,21,6,1,1,0,0.20140438091368223,0,cv
Mauro Zárate,2020,Centre-Forward,33,8,1,1,0,0.18418565707334544,0,cv
Pablo Mouche,2007,Left Winger,19,6,1,0,0,0.17623394391528666,0,cv
Nicolás Colazo,2013,Left-Back,22,19,3,1,0,0.1725129675084588,0,cv
Jorge Martínez,2001,Right-Back,28,23,2,1,0,0.17129718648978595,0,cv
Javier Villarreal,2002,Right Midfield,23,26,3,2,0,0.16175334050777393,0,cv
Walter Erviti,2012,Central Midfield,32,40,3,3,0,0.15513134123877836,0,cv
Lisandro López,2018,Centre-Back,28,26,4,0,0,0.14765491765402178,0,cv
Cristian Pavón,2014,Right-Back,18,9,2,0,0,0.14662667480457933,0,cv
Sebastián Battaglia,2010,Defensive Midfield,29,19,1,1,0,0.14373421829837896,0,cv
Leandro Paredes,2012,Defensive Midfield,18,21,4,0,0,0.1429459361626408,0,test
Carlos Tévez,2001,Centre-Forward,17,16,2,1,0,0.1421379273667357,0,cv
Claudio Riaño,2013,Centre-Forward,24,25,2,0,0,0.1412683338737518,0,cv
Pol FernándezPol Fernández,2021,Central Midfield,29,51,4,3,0,0.13559885519877943,0,test
Guillermo Barros Schelotto,2006,Centre-Forward,33,16,1,2,0,0.13422533918806703,0,cv
Emanuel Reynoso,2018,Attacking Midfield,22,29,3,2,0,0.13415705748348325,0,cv
Sebastián Battaglia,2008,Defensive Midfield,27,40,3,0,0,0.1313181109831379,0,cv
Eduardo Salvio,2020,Right Winger,29,9,1,1,0,0.13048531134044064,0,cv
José Calvo,2002,Right-Back,20,11,1,1,0,0.12196902025346895,0,cv
Cristian Chávez,2007,Attacking Midfield,21,21,1,3,0,0.12121259130474897,0,cv
Hugo Ibarra,2002,Right-Back,28,35,4,1,0,0.11903256931033217,0,cv
Agustín Obando,2018,Left Winger,18,6,0,2,0,0.1187387901155918,0,cv
Luca Langoni,2022,Right Winger,20,23,3,1,0,0.10694885387067593,0,test
Hugo Ibarra,2007,Right-Back,33,29,0,7,0,0.10535021249868509,0,cv
Cristian Medina,2023,Central Midfield,21,30,3,3,0,0.1033578822421557,0,test
Gino Peruzzi,2016,Right-Back,24,27,3,3,0,0.10298476899421002,0,cv
Clemente Rodríguez,2006,Left-Back,24,27,3,2,0,0.10092749139000952,0,cv
Rolando Schiavi,2003,Centre-Back,30,52,5,0,0,0.10014668715483167,0,cv
Matías Arce,2000,Central Midfield,20,7,1,1,0,0.09684047343706834,0,cv
Luis Vázquez,2019,Centre-Forward,18,5,1,0,0,0.0852762611781149,0,cv
Exequiel Zeballos,2023,Right Winger,21,25,2,2,0,0.08525409612998677,0,test
Brian Aguirre,2024,Left Winger,21,19,1,3,0,0.08275151713824627,0,test
Cristian Chávez,2011,Attacking Midfield,25,43,2,4,0,0.08114950213086297,0,cv
Christian Giménez,2000,Attacking Midfield,19,16,2,1,0,0.08060154652405797,0,cv
Diego Cagna,2003,Right Midfield,33,46,2,2,0,0.08033424341911338,0,cv
Nicolás Colazo,2010,Left-Back,19,18,3,0,0,0.07941674402143059,0,cv
Clemente Rodríguez,2011,Left-Back,29,43,1,6,0,0.0786362592280942,0,cv
Juan Sánchez Miño,2011,Left-Back,21,36,5,1,0,0.0773450044862252,0,cv
Exequiel Zeballos,2020,Right Winger,18,11,1,1,0,0.07372421577441635,0,test
Franco Soldano,2019,Centre-Forward,24,33,3,2,0,0.07059506880488607,0,cv
Sebastián Villa,2022,Left Winger,26,24,1,3,0,0.0686014592244044,0,cv
Cristian Lucchetti,2010,Goalkeeper,32,26,0,1,0,0.06674478287451624,0,cv
Orlando Gaona Lugo,2011,Right Winger,20,6,0,2,0,0.0649276574783283,0,cv
Emanuel Insúa,2013,Left-Back,22,29,1,6,0,0.0644336310957124,0,cv
Omar Pérez,2001,Attacking Midfield,20,27,0,5,0,0.06099953466537032,0,cv
Lucas Blondel,2023,Right-Back,26,10,2,0,0,0.060299529543217274,0,test
Carlos Bueno,2007,Centre-Forward,27,9,1,1,0,0.05989796846325199,0,cv
Ricardo Noir,2008,Attacking Midfield,21,20,3,0,0,0.05823836134546092,0,cv
Clemente Rodríguez,2003,Left-Back,21,37,3,2,0,0.053314490637392326,0,cv
Luis Vázquez,2021,Centre-Forward,20,48,5,2,0,0.05327556656529902,0,cv
Clemente Rodríguez,2002,Left-Back,20,47,2,5,0,0.053083023637008495,0,cv
Lucas Blondel,2022,Right-Back,25,10,2,0,0,0.05183572563538543,0,test
Gonzalo Castellani,2014,Central Midfield,26,18,0,3,0,0.05051807398423797,0,cv
Emmanuel Más,2017,Left-Back,28,12,1,2,0,0.0493939415811628,0,cv
Matías Caruzzo,2013,Centre-Back,28,6,1,0,0,0.04936419425997578,0,cv
Lucas Janson,2024,Left Winger,29,6,1,0,0,0.048164048769743596,0,test
Leandro Gracián,2008,Attacking Midfield,25,21,2,1,0,0.0427955079420821,0,cv
Sergio Romero,2022,Goalkeeper,35,49,0,0,0,0.042698448370966625,0,test
Fernando Gago,2013,Defensive Midfield,27,28,0,5,0,0.042666934043783064,0,cv
Marcelo Weigandt,2022,Right-Back,22,32,2,5,0,0.0422965112157984,0,cv
Lisandro López,2019,Centre-Back,29,27,3,1,0,0.03963902250144985,0,cv
Juan Cruz Komar,2014,Centre-Back,17,5,1,0,0,0.03855411580603267,0,cv
Fernando Pandolfi,2000,Centre-Forward,26,16,1,1,0,0.03717227577106207,0,cv
Nico Gaitán,2007,Attacking Midfield,19,5,1,0,0,0.034112422383424025,0,cv
Gabriel Paletta,2007,Centre-Back,21,32,4,0,0,0.03399509491537691,0,cv
Álvaro GonzálezÁ. González,2007,Central Midfield,22,40,1,4,0,0.030143585857824857,0,cv
Cristian Chávez,2009,Attacking Midfield,23,26,1,2,0,0.02982261420817495,0,cv
Cristian Erbes,2013,Defensive Midfield,23,37,2,3,0,0.029502727516077337,0,cv
Diego González,2020,Defensive Midfield,32,17,2,1,0,0.02917516777580738,0,cv
Jesús Dátolo,2006,Left Midfield,22,34,2,2,0,0.02896204787978989,0,cv
Pablo Pérez,2015,Central Midfield,29,25,3,1,0,0.02780191429480277,0,cv
Cata DíazCata Díaz,2014,Centre-Back,34,47,3,1,0,0.027693455066128688,0,cv
Pablo Mouche,2008,Left Winger,20,29,2,3,0,0.027541794876859614,0,cv
Rolando Schiavi,2011,Centre-Back,38,48,2,1,0,0.027418920063034067,0,cv
Fernando Gago,2004,Defensive Midfield,18,24,0,4,0,0.02724440845814231,0,cv
Sebastián Palacios,2012,Right Winger,20,7,0,2,0,0.02723524325395888,0,cv
Pol FernándezPol Fernández,2011,Central Midfield,19,8,0,2,0,0.025505358502305016,0,test
José Pedro Fuenzalida,2014,Right Winger,29,30,0,1,0,0.025085254173195324,0,cv
Cata DíazCata Díaz,2005,Centre-Back,25,40,4,0,0,0.02487509635785907,0,cv
Gastón Sauro,2011,Centre-Back,21,6,1,0,0,0.024100864744976396,0,cv
Clemente Rodríguez,2010,Left-Back,28,27,1,3,0,0.02273067161565971,0,cv
Nicolás Figal,2022,Centre-Back,28,46,4,0,0,0.022273936468358867,0,test
Sergio Araujo,2010,Centre-Forward,18,9,1,1,0,0.021195741267732517,0,cv
Claudio Morel Rodríguez,2006,Left-Back,28,45,1,6,0,0.020608807453183595,0,cv
Cristian Chávez,2010,Attacking Midfield,24,35,3,0,0,0.020532419237557557,0,cv
Carlos Izquierdoz,2020,Centre-Back,31,41,3,1,0,0.020390608054180595,0,cv
Juan Manuel Insaurralde,2011,Centre-Back,26,43,4,0,0,0.02014903918774893,0,cv
Facundo Roncaglia,2011,Centre-Back,24,46,4,0,0,0.01952312416775922,0,cv
Ariel Rosada,2009,Defensive Midfield,31,23,0,2,0,0.019347381685819297,0,cv
Pablo Pérez,2016,Central Midfield,30,31,1,4,0,0.019174559128725604,0,cv
Leandro Somoza,2011,Defensive Midfield,30,41,2,2,0,0.019161371787051663,0,cv
Luis Advíncula,2023,Right-Back,33,44,0,7,0,0.01810611077505606,0,test
Carlos Zambrano,2020,Centre-Back,30,15,2,0,0,0.017905065011946723,0,cv
Diego González,2019,Defensive Midfield,31,13,1,1,0,0.016619873520831104,0,cv
Lautaro Di Lollo,2024,Centre-Back,20,31,3,0,0,0.016246835084151316,0,test
Pol FernándezPol Fernández,2022,Central Midfield,30,47,2,2,0,0.0159778246228354,0,test
Cata DíazCata Díaz,2013,Centre-Back,33,38,3,0,0,0.015512902661437119,0,cv
Naohiro Takahara,2001,Centre-Forward,22,6,1,0,0,0.01528549354163023,0,cv
Guillermo Marino,2006,Central Midfield,25,21,2,1,0,0.015045117330767622,0,cv
Lisandro López,2020,Centre-Back,30,24,2,1,0,0.014830765742353562,0,cv
Williams Alarcón,2024,Central Midfield,23,26,0,1,0,0.01462860611517661,0,test
Norberto Briasco,2022,Right Winger,26,23,1,2,0,0.014325534227097474,0,test
Pablo Mouche,2009,Left Winger,21,20,2,1,0,0.013915520119900014,0,cv
Fabián Monzón,2009,Left-Back,22,23,2,2,0,0.013392537694067575,0,cv
Hugo Ibarra,2006,Right-Back,32,41,3,1,0,0.01302629777130351,0,cv
Matías Silvestre,2002,Centre-Back,17,8,1,0,0,0.012628418698715336,0,cv
Lautaro Blanco,2024,Left-Back,25,37,1,3,0,0.012573653279540386,0,test
Hugo Ibarra,2000,Right-Back,26,41,2,3,0,0.012324712941103743,0,cv
Raúl Cascini,2002,Defensive Midfield,31,40,1,3,0,0.012303268653370369,0,cv
Leonardo Jara,2015,Right-Back,24,20,1,3,0,0.01183422470290924,0,cv
Jan Hurtado,2019,Centre-Forward,19,14,1,1,0,0.011700961059724868,0,cv
Sebastián Palacios,2015,Right Winger,23,19,2,1,0,0.011566790292971134,0,cv
Sergio Araujo,2011,Centre-Forward,19,14,1,2,0,0.011095634293467597,0,cv
Pol FernándezPol Fernández,2019,Central Midfield,27,15,1,1,0,0.01078831204509153,0,test
Franco Soldano,2020,Centre-Forward,25,16,2,0,0,0.010775552245900304,0,cv
Jonathan Silva,2015,Left-Back,21,23,1,0,0,0.010161728082392985,0,cv
Sergio Orteman,2006,Defensive Midfield,27,20,1,0,0,0.010065035389529983,0,cv
Juan Manuel Martínez,2012,Right Winger,26,21,2,0,0,0.009980288461217448,0,cv
Fernando Gago,2006,Defensive Midfield,20,20,1,2,0,0.00959497145262412,0,cv
José Calvo,2001,Right-Back,19,28,2,0,0,0.009497826899461373,0,cv
Equi Fernández,2023,Defensive Midfield,20,20,2,1,0,0.009482273803569374,0,test
Mauricio Serna,2000,Defensive Midfield,32,37,1,1,0,0.00945829226243283,0,cv
Fabián Vargas,2003,Central Midfield,23,33,2,2,0,0.009371018734838447,0,cv
Óscar CórdobaÓ. Córdoba,2000,Goalkeeper,30,37,0,1,0,0.008883863235586088,0,cv
Leandro Marín,2014,Right-Back,22,25,2,2,0,0.008629688501764708,0,cv
Sergio Romero,2023,Goalkeeper,36,39,0,0,0,0.008607637600333281,0,test
Alexis Mac Allister,2019,Central Midfield,20,13,1,1,0,0.008564002735783383,0,cv
Franco Cángele,2002,Second Striker,17,13,2,0,0,0.008561512208897096,0,cv
Javier García,2010,Goalkeeper,23,13,0,1,0,0.007937297226389656,0,test
Luca Langoni,2023,Right Winger,21,25,1,2,0,0.0076231746666572,0,test
Nicolás Colazo,2014,Left-Back,23,41,2,4,0,0.007533682500540275,0,cv
Neri Cardozo,2005,Attacking Midfield,18,33,1,2,0,0.007411071696006927,0,cv
Emmanuel Más,2018,Left-Back,29,38,3,2,0,0.0074049727005934905,0,cv
Andrés Franzoia,2006,Centre-Forward,20,11,1,1,0,0.007364339215173517,0,cv
Nicolás Bertolo,2007,Left Winger,21,4,0,1,0,0.007280247555621073,0,cv
Darío Benedetto,2023,Centre-Forward,33,13,1,0,0,0.007111402935735843,0,test
Raúl Cascini,2003,Defensive Midfield,32,47,1,1,0,0.0064534708190978635,0,cv
Frank Fabra,2022,Left-Back,31,36,0,2,0,0.0061985974345034325,0,test
Guillermo Marino,2009,Central Midfield,28,18,2,0,0,0.006015331536436185,0,cv
Raúl Estévez,2003,Right Winger,25,10,0,2,0,0.005810412653340449,0,cv
Jorman Campuzano,2020,Defensive Midfield,24,28,1,2,0,0.005537086342991424,0,test
Juan Ramírez,2021,Central Midfield,28,49,1,1,0,0.005367460841536734,0,test
Fabián Monzón,2014,Left-Back,27,24,2,1,0,0.005354165159564065,0,cv
Fabián Vargas,2007,Central Midfield,27,31,0,3,0,0.005289958514995771,0,cv
Milton Delgado,2024,Defensive Midfield,19,24,0,1,0,0.005251131762241621,0,test
Jabes Saralegui,2023,Central Midfield,20,38,1,1,0,0.004993531928230911,0,test
Roberto Abbondanzieri,2003,Goalkeeper,30,54,0,1,0,0.004964840786486323,0,cv
Roberto Colautti,2003,Centre-Forward,21,11,1,1,0,0.004964405825735532,0,cv
Cristian Erbes,2010,Defensive Midfield,20,11,1,0,0,0.004844635193884693,0,cv
Diego Crosa,2002,Centre-Back,26,44,0,1,0,0.00480415232238157,0,cv
Pablo Ledesma,2005,Central Midfield,21,25,1,0,0,0.00480052139814161,0,cv
Frank Fabra,2023,Left-Back,32,16,0,1,0,0.004501957801460759,0,test
Juan Manuel Insaurralde,2010,Centre-Back,25,36,2,1,0,0.004428176610602237,0,cv
Juan Forlín,2007,Centre-Back,19,7,1,0,0,0.00430820261652527,0,cv
Emanuel Reynoso,2017,Attacking Midfield,21,16,0,3,0,0.0042664116088964015,0,cv
Pol FernándezPol Fernández,2012,Central Midfield,20,24,2,0,0,0.004203882882753298,0,test
Agustín Orión,2014,Goalkeeper,33,52,0,1,0,0.0040412164245926165,0,cv
Roberto Abbondanzieri,2002,Goalkeeper,29,49,0,0,0,0.00400857236698186,0,cv
Leonardo Jara,2017,Right-Back,26,38,1,3,0,0.003992680156240922,0,cv
Nicolás Colazo,2011,Left-Back,20,13,1,1,0,0.003968108623037413,0,cv
Carlos Izquierdoz,2019,Centre-Back,30,43,2,0,0,0.003943083359174618,0,cv
Sebastián Battaglia,2000,Defensive Midfield,19,23,0,1,0,0.003933322257976873,0,cv
Diego Rivero,2011,Central Midfield,29,38,1,2,0,0.003911947680306252,0,cv
Roberto Abbondanzieri,2004,Goalkeeper,31,50,0,0,0,0.0038515609466893935,0,cv
Aníbal Matellán,2000,Centre-Back,23,40,1,0,0,0.0036857693133544186,0,cv
Aldo Bobadilla,2006,Goalkeeper,30,22,0,0,0,0.0036656035943038916,0,cv
Pablo Ledesma,2013,Central Midfield,29,29,0,1,0,0.0036522065432036273,0,cv
Ezequiel Muñoz,2007,Centre-Back,16,4,0,1,0,0.0035845946010888974,0,cv
Claudio Morel Rodríguez,2007,Left-Back,29,42,0,4,0,0.0035783276271289426,0,cv
José Calvo,2003,Right-Back,21,29,1,2,0,0.0033267190015943905,0,cv
Wilmar Barrios,2016,Defensive Midfield,22,22,0,3,0,0.0030984842073931585,0,cv
Cristian Traverso,2001,Centre-Back,29,37,1,0,0,0.0030897903627727986,0,cv
Sebastián Battaglia,2011,Defensive Midfield,30,1,0,0,0,0.0030383766050715456,0,cv
Wilmar Barrios,2017,Defensive Midfield,23,38,1,0,0,0.002901805237899133,0,cv
Emmanuel Más,2019,Left-Back,30,23,1,2,0,0.0028750316715638958,0,cv
Nicolás Burdisso,2000,Centre-Back,19,32,2,1,0,0.002838988782060147,0,cv
Marcos Rojo,2024,Centre-Back,34,13,1,0,0,0.002694282800479997,0,test
Mauricio Caranta,2007,Goalkeeper,28,45,0,0,0,0.0026370803214023344,0,cv
Javier García,2022,Goalkeeper,35,11,0,0,0,0.002578611005841395,0,test
Roberto Abbondanzieri,2009,Goalkeeper,36,22,0,0,0,0.002552913206914036,0,cv
Javier García,2021,Goalkeeper,34,13,0,0,0,0.002551723666896021,0,test
Cristian Espinoza,2017,Right Winger,22,14,0,1,0,0.0024289380932293824,0,cv
Jesús Méndez,2010,Central Midfield,25,12,0,2,0,0.0023236035910783963,0,cv
Nicolás Orsini,2021,Centre-Forward,26,22,2,0,0,0.0022932368004058143,0,cv
Miguel Caneo,2003,Attacking Midfield,20,19,1,0,0,0.002187202682535865,0,cv
Juan Forlín,2008,Centre-Back,20,30,2,0,0,0.0020690158833819986,0,cv
Fernando Gago,2015,Defensive Midfield,29,18,1,0,0,0.0019969966697758914,0,cv
Javier García,2023,Goalkeeper,36,1,0,0,0,0.001919374352269233,0,test
Norberto Briasco,2023,Right Winger,27,6,0,1,0,0.0019024008535521468,0,test
Matías Silvestre,2006,Centre-Back,21,29,1,1,0,0.0017771596437049827,0,cv
Franco Cristaldo,2014,Attacking Midfield,17,14,1,0,0,0.0017624079563353212,0,cv
Cristian Erbes,2009,Defensive Midfield,19,20,1,0,0,0.0016699582897303357,0,cv
Clemente Rodríguez,2001,Left-Back,19,33,0,4,0,0.0016471478660949079,0,cv
Javier García,2020,Goalkeeper,33,3,0,0,0,0.0015961368618854237,0,test
Julio Marchant,2000,Right Midfield,20,29,0,2,0,0.001503267868178149,0,cv
Cristian Erbes,2012,Defensive Midfield,22,26,0,2,0,0.001480332367876082,0,cv
Alan Varela,2021,Defensive Midfield,19,43,1,2,0,0.0014801605920516695,0,cv
José Calvo,2008,Right-Back,26,10,0,1,0,0.0014635451403886693,0,cv
Roberto Abbondanzieri,2008,Goalkeeper,35,29,0,0,0,0.0014516375456780646,0,cv
Julio Buffarini,2019,Right-Back,30,42,1,1,0,0.0013930640831113592,0,cv
Agustín Almendra,2019,Central Midfield,19,10,1,0,0,0.0013808300427210673,0,cv
Julio Cáceres,2008,Centre-Back,28,37,0,0,0,0.001361160226930028,0,cv
Javier García,2019,Goalkeeper,32,1,0,0,0,0.0013554154555371802,0,test
Nicolás Burdisso,2003,Centre-Back,22,39,2,0,0,0.0013508951183625515,0,cv
Marcos Rojo,2022,Centre-Back,32,16,1,0,0,0.0013035198219680036,0,test
Facundo Roncaglia,2008,Centre-Back,21,30,2,0,0,0.0012887651242740232,0,cv
Nicolás Valentini,2023,Centre-Back,22,9,1,0,0,0.0012540236342231546,0,test
Rodrigo Bentancur,2016,Defensive Midfield,19,22,0,3,0,0.0012535999046018747,0,cv
Gonzalo Maroni,2019,Attacking Midfield,20,11,1,0,0,0.0012528733954248034,0,cv
Lisandro Magallán,2014,Centre-Back,20,10,1,0,0,0.00124230279320949,0,cv
Julio Cáceres,2007,Centre-Back,27,27,1,0,0,0.001232622152363203,0,cv
Roberto Abbondanzieri,2005,Goalkeeper,32,33,0,0,0,0.0011805311985312677,0,cv
Gabriel Paletta,2009,Centre-Back,23,22,1,1,0,0.0011386698979132513,0,cv
Agustín Orión,2013,Goalkeeper,32,43,0,0,0,0.0011150546093295108,0,cv
Pol FernándezPol Fernández,2023,Central Midfield,31,45,0,1,0,0.0011119339810144002,0,test
Luis Advíncula,2024,Right-Back,34,24,1,1,0,0.0011060225435969699,0,test
Cristian Medina,2021,Central Midfield,19,42,0,3,0,0.0011013739556074856,0,test
Agustín Obando,2019,Left Winger,19,27,1,1,0,0.0010821398754898876,0,cv
Carlos Izquierdoz,2018,Centre-Back,29,36,1,0,0,0.0010432263223148326,0,cv
Cristian Erbes,2014,Defensive Midfield,24,35,1,1,0,0.001025727252516924,0,cv
Juan Manuel Insaurralde,2016,Centre-Back,31,19,1,0,0,0.000992352999894683,0,cv
Javier García,2009,Goalkeeper,22,15,0,0,0,0.0009700481127572091,0,test
Guillermo Burdisso,2014,Centre-Back,25,11,1,0,0,0.0009420089957601789,0,cv
Matías Giménez,2010,Left Midfield,25,14,1,0,0,0.0009071696173120377,0,cv
Aarón Molinas,2021,Attacking Midfield,20,27,0,2,0,0.0008733144390280356,0,cv
Javier García,2008,Goalkeeper,21,14,0,0,0,0.0008558056839265605,0,test
Hugo Ibarra,2005,Right-Back,31,26,1,0,0,0.0008531354128372695,0,cv
Marcos Rojo,2023,Centre-Back,33,30,1,0,0,0.0008455649677344896,0,test
Alan Varela,2022,Defensive Midfield,20,34,1,1,0,0.0008394112585952625,0,cv
Agustín Rossi,2021,Goalkeeper,25,46,0,0,0,0.0008388282667715336,0,cv
Marcelo Meli,2015,Central Midfield,23,21,0,2,0,0.0008258845981997226,0,cv
Roberto Abbondanzieri,2000,Goalkeeper,27,22,0,0,0,0.0008097973870793372,0,cv
Matías Caruzzo,2010,Centre-Back,25,34,0,2,0,0.0007521824763038462,0,cv
Marcelo Cañete,2010,Attacking Midfield,20,7,0,1,0,0.0007395607607865275,0,cv
Fernando Gago,2005,Defensive Midfield,19,37,0,1,0,0.0007271640225537586,0,cv
Pablo Ledesma,2004,Central Midfield,20,34,1,0,0,0.0007250839484084021,0,cv
Fernando Tobio,2015,Centre-Back,25,20,0,0,0,0.0007020975220046852,0,cv
Cristian Medina,2020,Central Midfield,18,35,1,1,0,0.000698209726984377,0,test
Nicolás Bertolo,2006,Left Winger,20,9,1,0,0,0.000692238808953074,0,cv
Santiago Vergini,2016,Centre-Back,27,28,0,1,0,0.0006862465505606218,0,cv
Luis Advíncula,2021,Right-Back,31,44,1,0,0,0.0006828670806695673,0,test
Esteban Andrada,2018,Goalkeeper,27,38,0,0,0,0.0006814995040162855,0,cv
Claudio Morel Rodríguez,2008,Left-Back,30,31,0,2,0,0.0006813526866904131,0,cv
Juan Krupoviesa,2009,Left-Back,30,12,1,0,0,0.0006783996065248028,0,cv
Marcos Rojo,2020,Centre-Back,30,26,1,0,0,0.0006734422458912491,0,test
Facundo Roncaglia,2022,Centre-Back,35,23,1,0,0,0.000648288142477549,0,cv
Junior Benítez,2017,Left Winger,24,14,1,0,0,0.0006439467860793716,0,cv
Julio Buffarini,2018,Right-Back,29,31,1,2,0,0.0006434913373249427,0,cv
Raúl Cascini,2004,Defensive Midfield,33,26,0,2,0,0.0006432066078409135,0,cv
Equi Fernández,2022,Defensive Midfield,19,43,0,2,0,0.0006330046386660271,0,test
Carlos Izquierdoz,2021,Centre-Back,32,19,1,0,0,0.0006175858227713665,0,cv
Jorman Campuzano,2019,Defensive Midfield,23,35,1,0,0,0.0006136078374071412,0,test
Agustín Orión,2015,Goalkeeper,34,25,0,0,0,0.0006123082481230309,0,cv
Ander Herrera,2024,Central Midfield,34,17,0,0,0,0.0006119097276945447,0,test
José Pereda,2000,Defensive Midfield,26,21,0,0,0,0.0006082864714680948,0,cv
Agustín Sández,2021,Left-Back,20,17,1,1,0,0.000601282302317432,0,cv
Aarón Molinas,2020,Attacking Midfield,19,19,0,2,0,0.0005846832474567732,0,cv
Sebastián Battaglia,2005,Defensive Midfield,24,19,0,0,0,0.0005839191167128714,0,cv
Miguel Caneo,2002,Attacking Midfield,19,14,1,0,0,0.0005800339265575768,0,cv
Claudio Pérez,2012,Centre-Back,26,15,1,0,0,0.0005759730760912907,0,cv
César González,2001,Centre-Back,19,11,1,0,0,0.00057015838120436,0,cv
Leandro Somoza,2012,Defensive Midfield,31,34,1,0,0,0.0005685410033307317,0,cv
Nicolás Figal,2023,Centre-Back,29,33,1,0,0,0.0005609685629532541,0,test
Éver BanegaÉ. Banega,2007,Central Midfield,19,16,0,2,0,0.0005527587017943827,0,cv
Juan Manuel Insaurralde,2015,Centre-Back,30,27,1,0,0,0.0005518590889312816,0,cv
Javier García,2007,Goalkeeper,20,4,0,0,0,0.0005349771279040662,0,test
Roberto Abbondanzieri,2001,Goalkeeper,28,34,0,0,0,0.0005276386456003252,0,cv
Diego Cagna,2002,Right Midfield,32,24,0,1,0,0.0005110937531976796,0,cv
Matías Caruzzo,2012,Centre-Back,27,31,1,0,0,0.0004991169166835851,0,cv
Agustín Almendra,2018,Central Midfield,18,23,1,2,0,0.0004979854377320803,0,cv
Nicolás Valentini,2022,Centre-Back,21,37,1,0,0,0.00048710094560337823,0,test
Carlos Zambrano,2021,Centre-Back,31,29,0,1,0,0.000480902746632548,0,cv
Juan Sánchez Miño,2012,Left-Back,22,29,1,1,0,0.0004682346686753162,0,cv
Clemente Rodríguez,2000,Left-Back,18,28,1,1,0,0.00046788507056789335,0,cv
Tomás Belmonte,2023,Defensive Midfield,25,20,1,0,0,0.0004621751464205518,0,test
Claudio Morel Rodríguez,2004,Left-Back,26,33,0,1,0,0.00044155754263737565,0,cv
Andrés Cubas,2014,Defensive Midfield,18,21,1,0,0,0.0004360812239340414,0,cv
Emiliano Albín,2012,Right-Back,23,21,0,0,0,0.0003993103405142106,0,cv
Agustín Orión,2011,Goalkeeper,30,48,0,0,0,0.0003978669464955121,0,cv
Jorman Campuzano,2021,Defensive Midfield,25,16,0,1,0,0.0003941459087181608,0,test
Lisandro Magallán,2017,Centre-Back,23,42,0,1,0,0.0003927425556945435,0,cv
Agustín Rossi,2017,Goalkeeper,21,39,0,0,0,0.0003900530348474086,0,cv
Hugo Ibarra,2008,Right-Back,34,37,0,1,0,0.0003671255502529059,0,cv
Agustín Obando,2020,Left Winger,20,11,1,0,0,0.00035103140215545723,0,cv
Mauricio Caranta,2006,Goalkeeper,27,31,0,0,0,0.00034458951548040567,0,cv
Nicolás Burdisso,2002,Centre-Back,21,45,0,0,0,0.0003259405993706406,0,cv
Marcelo Saracchi,2024,Left-Back,26,11,1,0,0,0.0003221982001543673,0,test
José Calvo,2005,Right-Back,23,17,0,0,0,0.0003186513368178133,0,cv
Leandro Somoza,2010,Defensive Midfield,29,16,0,2,0,0.00031410177660895787,0,cv
José Calvo,2004,Right-Back,22,33,0,1,0,0.00031379901272228164,0,cv
Juan Barinaga,2024,Right-Back,23,22,0,2,0,0.0003045624313186225,0,test
Frank Fabra,2018,Left-Back,27,5,0,0,0,0.0003038604172261843,0,test
Jonatan Maidana,2007,Centre-Back,21,41,0,0,0,0.00030336489415184407,0,cv
Matías Donnet,2004,Attacking Midfield,24,21,0,1,0,0.00029361592887423404,0,cv
Lucas Janson,2023,Left Winger,28,22,0,0,0,0.0002900356622781633,0,test
Diego Rivero,2010,Central Midfield,28,10,0,1,0,0.00028954107669830313,0,cv
Iván Marcone,2018,Defensive Midfield,28,29,0,0,0,0.00028888789850141144,0,cv
Claudio Morel Rodríguez,2009,Left-Back,31,24,0,1,0,0.00028760684014753497,0,cv
Éver BanegaÉ. Banega,2006,Central Midfield,18,28,0,1,0,0.00028519296336794415,0,cv
Agustín Rossi,2020,Goalkeeper,24,32,0,0,0,0.0002816871412450507,0,cv
Jorman Campuzano,2018,Defensive Midfield,22,18,0,1,0,0.0002795341234859574,0,test
Rolando Schiavi,2005,Centre-Back,32,19,0,0,0,0.0002764194273734054,0,cv
Marco Torsiglieri,2014,Centre-Back,26,17,0,0,0,0.0002706822060507143,0,cv
José Calvo,2006,Right-Back,24,10,0,0,0,0.00026837237554980996,0,cv
Alan Varela,2019,Defensive Midfield,17,7,0,1,0,0.0002662980846205162,0,cv
Gustavo Pinto,2002,Central Midfield,23,25,1,1,0,0.0002655878128150344,0,cv
Pablo Ledesma,2014,Central Midfield,30,2,0,0,0,0.0002565971965799341,0,cv
Leandro Marín,2013,Right-Back,21,20,1,0,0,0.00025658567925465495,0,cv
Fabián Vargas,2004,Central Midfield,24,25,0,0,0,0.0002532696560936368,0,cv
Esteban Rolón,2022,Defensive Midfield,27,10,0,1,0,0.00023475809010949872,0,cv
Paolo Goltz,2018,Centre-Back,33,11,0,1,0,0.00023127369834542632,0,cv
Esteban Andrada,2019,Goalkeeper,28,39,0,0,0,0.0002259011071034648,0,cv
Gustavo Pinto,2000,Central Midfield,21,25,1,0,0,0.00021197138455907746,0,cv
José Calvo,2000,Right-Back,18,12,0,0,0,0.00021175906168762417,0,cv
Hugo Ibarra,2009,Right-Back,35,26,0,0,0,0.000211249407458488,0,cv
Fernando Gago,2017,Defensive Midfield,31,12,0,0,0,0.00021059443624573445,0,cv
Juan Ramírez,2022,Central Midfield,29,23,0,1,0,0.0002026741153109975,0,test
Fabián Vargas,2005,Central Midfield,25,13,0,0,0,0.00019940737993218987,0,cv
Walter Erviti,2010,Central Midfield,30,16,1,0,0,0.0001899065538656865,0,cv
Leonardo Jara,2016,Right-Back,25,17,0,1,0,0.00018321626187647527,0,cv
Agustín Orión,2012,Goalkeeper,31,34,0,0,0,0.00018307587431440673,0,cv
Nicolás Figal,2021,Centre-Back,27,27,0,1,0,0.0001819920577929683,0,test
Álvaro GonzálezÁ. González,2008,Central Midfield,23,7,0,1,0,0.00017681402666355756,0,cv
Agustín Rossi,2016,Goalkeeper,20,17,0,0,0,0.00017423490168885897,0,cv
Juan Krupoviesa,2005,Left-Back,26,33,1,0,0,0.000165003248455634,0,cv
Julio Marchant,2001,Right Midfield,21,10,0,1,0,0.00015975370349972828,0,cv
Mauricio Serna,2001,Defensive Midfield,33,24,0,0,0,0.00014797368154102465,0,cv
Óscar UstariÓ. Ustari,2012,Goalkeeper,25,14,0,0,0,0.00012098220009350726,0,cv
Fabián Vargas,2006,Central Midfield,26,2,0,0,0,0.00011887586528144817,0,cv
Pablo Jerez,2003,Right-Back,19,29,0,2,0,0.00011606870355369843,0,cv
Cata DíazCata Díaz,2015,Centre-Back,35,21,0,0,0,0.00011347824644315992,0,cv
Nicolás Capaldo,2020,Centre-Back,21,17,0,1,0,0.00011175322233877399,0,cv
Damián Escudero,2010,Attacking Midfield,23,13,0,0,0,0.00010703457737832,0,cv
Clemente Rodríguez,2012,Left-Back,30,33,0,0,0,0.00010633790287061273,0,cv
Jorginho PaulistaJorginho Paulista,2001,Left-Back,21,11,0,1,0,0.00010088916535249556,0,cv
Agustín Sández,2022,Left-Back,21,13,1,0,0,9.860593332049005e-05,0,cv
José Calvo,2010,Right-Back,28,5,0,0,0,9.642922813496522e-05,0,cv
Tomás Belmonte,2024,Defensive Midfield,26,23,0,0,0,9.494117400798144e-05,0,test
Federico Bravo,2013,Central Midfield,19,16,0,1,0,9.250373775126617e-05,0,cv
Cristian Chávez,2006,Attacking Midfield,20,2,0,0,0,8.448658235259872e-05,0,cv
Cristian Erbes,2011,Defensive Midfield,21,22,0,0,0,8.374851707011567e-05,0,cv
Guillermo Sara,2015,Goalkeeper,27,9,0,0,0,8.35607062441311e-05,0,cv
Agustín Rossi,2019,Goalkeeper,23,11,0,0,0,8.185877742330081e-05,0,cv
Gustavo Pinto,2001,Central Midfield,22,27,0,0,0,8.154040396308788e-05,0,cv
Juan Krupoviesa,2008,Left-Back,29,21,0,1,0,7.57358886058115e-05,0,cv
Jorman Campuzano,2022,Defensive Midfield,26,17,0,0,0,7.479761066244378e-05,0,test
Ezequiel Muñoz,2009,Centre-Back,18,15,0,1,0,7.42144944738477e-05,0,cv
Guillermo Sara,2014,Goalkeeper,26,13,0,0,0,7.058095116454427e-05,0,cv
Claudio Morel Rodríguez,2005,Left-Back,27,23,0,0,0,6.981160767094578e-05,0,cv
Franco Sosa,2011,Right-Back,30,23,0,0,0,6.761424895129962e-05,0,cv
Exequiel Zeballos,2019,Right Winger,17,6,0,0,0,6.733264382303022e-05,0,test
Guillermo Sara,2016,Goalkeeper,28,14,0,0,0,6.337385033195546e-05,0,cv
Jorman Campuzano,2023,Defensive Midfield,27,12,0,0,0,6.252255743881365e-05,0,test
Leandro Brey,2023,Goalkeeper,20,21,0,0,0,6.06796886743823e-05,0,test
Nicolás Colazo,2012,Left-Back,21,24,0,1,0,6.0157217289666566e-05,0,cv
Lucas Blondel,2024,Right-Back,27,12,0,1,0,5.839598207308403e-05,0,test
Nahuel Zárate,2012,Left-Back,19,13,0,1,0,5.419052847421005e-05,0,cv
Julio Buffarini,2017,Right-Back,28,21,0,0,0,5.2639554435735904e-05,0,cv
Iván Marcone,2019,Defensive Midfield,29,17,0,0,0,5.199466521406713e-05,0,cv
Gabriel Aranda,2021,Centre-Back,20,13,0,0,0,5.015945862557612e-05,0,cv
Esteban Andrada,2020,Goalkeeper,29,11,0,0,0,5.004175666884705e-05,0,cv
Fernando Zuqui,2016,Central Midfield,24,13,0,0,0,4.9367888091740816e-05,0,cv
Rolando Schiavi,2004,Centre-Back,31,42,6,2,1,4.8454781784571617e-05,0,cv
Pablo Ledesma,2003,Central Midfield,19,10,0,0,0,4.768557281888582e-05,0,cv
Aníbal Matellán,2004,Centre-Back,27,19,0,0,0,4.35971783050657e-05,0,cv
Orlando Gaona Lugo,2012,Right Winger,21,5,0,0,0,4.282692446512924e-05,0,cv
Rodrigo Bentancur,2015,Defensive Midfield,18,19,1,0,0,4.2268763296398956e-05,0,cv
Diego Cagna,2005,Right Midfield,35,9,0,0,0,4.082159413738384e-05,0,cv
Sebastián Sosa,2011,Goalkeeper,24,9,0,0,0,3.996769824853445e-05,0,cv
Juan Barinaga,2023,Right-Back,22,10,0,1,0,3.9899988340832026e-05,0,test
Diego González,2021,Defensive Midfield,33,7,0,0,0,3.9403830363842866e-05,0,cv
Gino Peruzzi,2014,Right-Back,22,28,1,0,0,3.888671742798351e-05,0,cv
Leonardo Jara,2019,Right-Back,28,20,0,0,0,3.842765445347276e-05,0,cv
Júnior AlonsoJúnior Alonso,2018,Centre-Back,25,16,0,0,0,3.718373897665801e-05,0,cv
Ribair Rodríguez,2012,Defensive Midfield,24,12,0,0,0,3.623276504669275e-05,0,cv
Alexis Rolín,2014,Centre-Back,25,11,0,0,0,3.622894227968406e-05,0,cv
Guillermo Sara,2017,Goalkeeper,29,1,0,0,0,3.597418410633259e-05,0,cv
Julio Buffarini,2020,Right-Back,31,13,0,0,0,3.529050683591148e-05,0,cv
Marcelo Delgado,2006,Centre-Forward,33,6,0,0,0,3.365871103584532e-05,0,cv
Mauricio Caranta,2008,Goalkeeper,29,7,0,0,0,3.314606837496807e-05,0,cv
Fabián Vargas,2002,Central Midfield,22,3,0,0,0,3.281715406260037e-05,0,cv
Agustín Sández,2020,Left-Back,19,13,0,1,0,3.228482003132601e-05,0,cv
Carlos Zambrano,2019,Centre-Back,29,18,0,0,0,3.224554604231354e-05,0,cv
Rolando Schiavi,2002,Centre-Back,29,33,6,0,1,3.0915558666007855e-05,0,cv
Nahuel Molina,2015,Right-Back,17,9,0,1,0,3.0304769669491657e-05,0,cv
Diego Rivero,2012,Central Midfield,30,6,0,0,0,2.889435795900862e-05,0,cv
Alan Varela,2020,Defensive Midfield,18,27,0,0,0,2.799316122113997e-05,0,cv
Agustín Martegani,2023,Attacking Midfield,23,11,0,0,0,2.775822848312486e-05,0,test
Diego González,2022,Defensive Midfield,34,7,0,0,0,2.726209357023367e-05,0,cv
Javier Villarreal,2001,Right Midfield,22,9,0,0,0,2.7090851398327958e-05,0,cv
Gary Medel,2023,Defensive Midfield,35,11,0,0,0,2.6573495029525002e-05,0,test
Rodrigo Bentancur,2014,Defensive Midfield,17,25,0,0,0,2.585921268534761e-05,0,cv
Lautaro Di Lollo,2023,Centre-Back,19,20,0,0,0,2.546756657658448e-05,0,test
Diego Crosa,2003,Centre-Back,27,13,0,0,0,2.5400364054840325e-05,0,cv
Javier Villarreal,2000,Right Midfield,21,14,0,0,0,2.420272428517504e-05,0,cv
Hernán Grana,2013,Right-Back,28,16,0,0,0,2.311590596319771e-05,0,cv
Óscar CórdobaÓ. Córdoba,2001,Goalkeeper,31,14,0,0,0,2.274214347767669e-05,0,cv
Nicolás Colazo,2015,Left-Back,24,4,0,0,0,2.2002636755807533e-05,0,cv
Fabián Monzón,2010,Left-Back,23,22,0,1,0,2.043738087730628e-05,0,cv
Christian Cellay,2012,Centre-Back,30,9,0,0,0,2.0202033036421496e-05,0,cv
Diego Rivero,2013,Central Midfield,31,6,0,0,0,1.919364093121215e-05,0,cv
Ignacio Miramón,2023,Defensive Midfield,20,17,0,0,0,1.8555580505924893e-05,0,test
Santiago Vergini,2017,Centre-Back,28,13,0,0,0,1.7842709079450524e-05,0,cv
Marcos Díaz,2019,Goalkeeper,33,3,0,0,0,1.7376377295977583e-05,0,cv
Andrés Cubas,2015,Defensive Midfield,19,15,0,0,0,1.724188317972596e-05,0,cv
Mauricio Benítez,2023,Defensive Midfield,19,11,0,0,0,1.68684648679173e-05,0,test
Orlando Gaona Lugo,2010,Right Winger,19,3,0,0,0,1.6786867918773683e-05,0,cv
Seba Pérez,2016,Defensive Midfield,23,12,0,0,0,1.6511316804906397e-05,0,cv
Cristian Erbes,2015,Defensive Midfield,25,4,0,0,0,1.6215043360699467e-05,0,cv
Bruno Valdez,2022,Centre-Back,29,33,0,0,0,1.604407365645851e-05,0,cv
Guillermo Marino,2005,Central Midfield,24,16,0,0,0,1.601002614639212e-05,0,cv
Gary Medel,2010,Defensive Midfield,22,17,0,0,0,1.5695129423627687e-05,0,test
Willy CaballeroWilly Caballero,2002,Goalkeeper,20,7,0,0,0,1.5521952637201202e-05,0,cv
Gonzalo Maroni,2017,Attacking Midfield,18,6,0,0,0,1.5484365231701497e-05,0,cv
Emanuel Tripodi,2013,Goalkeeper,31,6,0,0,0,1.542467194980879e-05,0,cv
José Basualdo,2000,Central Midfield,37,8,0,0,0,1.5166891514060065e-05,0,cv
Pablo Jerez,2004,Right-Back,20,9,0,1,0,1.5146319217675812e-05,0,cv
Damián Díaz,2008,Attacking Midfield,22,6,0,0,0,1.4795531326179273e-05,0,cv
Sebastián D’AngeloS. D’Angelo,2012,Goalkeeper,23,4,0,0,0,1.445004017716279e-05,0,cv
Emanuel Tripodi,2014,Goalkeeper,32,1,0,0,0,1.4285862889297084e-05,0,cv
Ezequiel Medrán,2004,Goalkeeper,23,7,0,0,0,1.387454857543748e-05,0,cv
Lisandro Magallán,2016,Centre-Back,22,9,0,0,0,1.349548171544304e-05,0,cv
Vicente Taborda,2023,Attacking Midfield,22,6,0,0,0,1.3447819564747051e-05,0,test
Ezequiel Bullaude,2023,Attacking Midfield,22,6,0,0,0,1.3308123679558577e-05,0,test
Nicolás Figal,2024,Centre-Back,30,3,0,0,0,1.2756030997294303e-05,0,test
Franco Fragapane,2011,Left Winger,18,1,0,0,0,1.2360662569889587e-05,0,cv
Leandro Brey,2024,Goalkeeper,21,6,0,0,0,1.1812440721267914e-05,0,test
Paolo Goltz,2019,Centre-Back,34,4,0,0,0,1.0563394661099835e-05,0,cv
Ricardo Noir,2010,Attacking Midfield,23,8,0,0,0,1.0382686699685953e-05,0,cv
Mauro Boselli,2003,Centre-Forward,18,1,0,0,0,1.0244958268996398e-05,0,cv
Joel Acosta,2013,Right Winger,22,7,0,0,0,1.0158871906771966e-05,0,cv
Marcelo Weigandt,2018,Right-Back,18,9,0,0,0,9.775794517714751e-06,0,cv
Exequiel Benavídez,2008,Defensive Midfield,19,10,0,0,0,9.41609664211571e-06,0,cv
Daniele De Rossi,2019,Defensive Midfield,35,5,0,0,0,9.29656866482148e-06,0,cv
Hernán Medina,2000,Centre-Back,25,7,0,0,0,9.150817376630302e-06,0,cv
Cristian Medina,2019,Central Midfield,17,4,0,0,0,8.611095355638051e-06,0,test
Lucas Castromán,2007,Right Midfield,26,5,0,0,0,8.279650031405847e-06,0,cv
Gastón Sauro,2010,Centre-Back,20,3,0,0,0,8.092055419190065e-06,0,cv
Juan Sánchez Miño,2010,Left-Back,20,4,0,0,0,7.955934344059404e-06,0,cv
Pablo Migliore,2005,Goalkeeper,23,2,0,0,0,7.645447952982932e-06,0,cv
Julio Barroso,2008,Centre-Back,23,4,0,0,0,7.5148232630635154e-06,0,cv
Gastón Sangoy,2002,Right Winger,17,2,0,0,0,7.3320412671500605e-06,0,cv
Marco Pellegrino,2024,Centre-Back,21,8,0,0,0,7.319525634703555e-06,0,test
Juan Ramírez,2023,Central Midfield,30,4,0,0,0,6.946197026287872e-06,0,test
Exequiel Benavídez,2011,Defensive Midfield,22,3,0,0,0,6.568240171392437e-06,0,cv
Cristian Álvarez,2012,Attacking Midfield,19,3,0,0,0,6.164427799183484e-06,0,cv
Pablo Migliore,2007,Goalkeeper,25,11,0,0,0,6.082505792026523e-06,0,cv
Nicolás Orsini,2022,Centre-Forward,27,4,0,0,0,5.828138884302253e-06,0,cv
Malcom Braida,2024,Left-Back,27,8,0,0,0,5.6136197866013006e-06,0,test
Jesús Méndez,2009,Central Midfield,24,10,0,0,0,5.538868994696126e-06,0,cv
Julio Barroso,2009,Centre-Back,24,7,0,0,0,5.496514362762279e-06,0,cv
Agustín Martegani,2024,Attacking Midfield,24,2,0,0,0,5.489157779358252e-06,0,test
Gastón Sauro,2008,Centre-Back,18,5,0,0,0,5.410727125341999e-06,0,cv
Federico Bravo,2012,Central Midfield,18,11,0,0,0,5.395312020856757e-06,0,cv
Gastón Sauro,2009,Centre-Back,19,5,0,0,0,5.268540667483833e-06,0,cv
Agustín Almendra,2021,Central Midfield,21,2,0,0,0,5.230729268390859e-06,0,cv
Juan Krupoviesa,2007,Left-Back,28,5,0,0,0,5.224049114937131e-06,0,cv
Leandro Brey,2021,Goalkeeper,18,1,0,0,0,5.12063425122428e-06,0,test
Leonardo Jara,2020,Right-Back,29,8,0,0,0,5.108011346996859e-06,0,cv
Camilo Rey Domenech,2024,Defensive Midfield,18,7,0,0,0,4.861521043957434e-06,0,test
Leandro Paredes,2011,Defensive Midfield,17,5,0,0,0,4.850746475979332e-06,0,test
Nahuel Fioretto,2001,Left Midfield,20,4,0,0,0,4.811168348620495e-06,0,cv
Julio Barroso,2005,Centre-Back,20,1,0,0,0,4.788324191212483e-06,0,cv
Enzo RuizEnzo Ruiz,2011,Centre-Back,22,4,0,0,0,4.785735601383989e-06,0,cv
Emmanuel Más,2020,Left-Back,31,6,0,0,0,4.7749495475151155e-06,0,cv
Gonzalo Escalante,2012,Central Midfield,19,6,0,0,0,4.765793967625222e-06,0,cv
Matías Cahais,2006,Centre-Back,18,7,0,0,0,4.756262545650078e-06,0,cv
Jonatan Maidana,2005,Centre-Back,19,2,0,0,0,4.703796141890278e-06,0,cv
Equi Fernández,2020,Defensive Midfield,17,3,0,0,0,4.688597918527851e-06,0,test
Pablo Álvarez,2003,Right-Back,19,10,0,0,0,4.561215121902045e-06,0,cv
Gastón Ávila,2021,Centre-Back,19,7,0,0,0,4.512483872813287e-06,0,cv
Aarón Molinas,2019,Attacking Midfield,18,1,0,0,0,4.3438170853955185e-06,0,cv
Gino Peruzzi,2015,Right-Back,23,14,0,0,0,3.887017610173448e-06,0,cv
Gustavo Eberto,2002,Goalkeeper,18,1,0,0,0,3.862515540023518e-06,0,cv
Luis Miguel Escalada,2004,Centre-Forward,18,8,0,0,0,3.812589801678979e-06,0,cv
Franco Sosa,2012,Right-Back,31,14,0,0,0,3.759144727929109e-06,0,cv
Equi Fernández,2021,Defensive Midfield,18,1,0,0,0,3.749130745926786e-06,0,test
Exequiel Benavídez,2007,Defensive Midfield,18,1,0,0,0,3.7265928306530472e-06,0,cv
Ezequiel Muñoz,2008,Centre-Back,17,3,0,0,0,3.6962063310285828e-06,0,cv
Leandro Marín,2012,Right-Back,20,13,0,0,0,3.669919790129056e-06,0,cv
Esteban Rolón,2021,Defensive Midfield,26,12,0,0,0,3.4924849104249506e-06,0,cv
Leandro Marín,2010,Right-Back,18,2,0,0,0,3.491066350401141e-06,0,cv
Guillermo Burdisso,2012,Centre-Back,23,32,3,2,0,3.4012658577444294e-06,0,cv
Luis Amaranto Perea,2002,Centre-Back,23,4,0,0,0,3.2909474623444656e-06,0,cv
César La Paglia,2003,Attacking Midfield,24,1,0,0,0,3.038284839171682e-06,0,cv
Josué Ayala,2009,Goalkeeper,21,1,0,0,0,3.0227547957695456e-06,0,cv
Leandro Paredes,2010,Defensive Midfield,16,1,0,0,0,2.904809083746774e-06,0,test
Joel Barbosa,2001,Right-Back,18,9,0,0,0,2.8832016388242537e-06,0,cv
Marcos Díaz,2018,Goalkeeper,32,3,0,0,0,2.800172205543117e-06,0,cv
Matías Silvestre,2005,Centre-Back,20,23,4,0,0,2.756523621751587e-06,0,cv
Enzo RuizEnzo Ruiz,2010,Centre-Back,21,6,0,0,0,2.731587032017468e-06,0,cv
Fabián Monzón,2007,Left-Back,20,19,0,0,0,2.6496723964438292e-06,0,cv
Pablo Jerez,2002,Right-Back,18,14,0,0,0,2.5606365952898923e-06,0,cv
Bruno Urribarri,2007,Left-Back,20,6,0,0,0,2.50683802014362e-06,0,cv
Joel Barbosa,2003,Right-Back,20,7,0,0,0,2.4731277530140043e-06,0,cv
Willy CaballeroWilly Caballero,2001,Goalkeeper,19,4,0,0,0,2.4546503489541304e-06,0,cv
Ezequiel Medrán,2005,Goalkeeper,24,4,0,0,0,2.4081115885260964e-06,0,cv
César González,2002,Centre-Back,20,5,0,0,0,2.3989871798577814e-06,0,cv
Bruno Urribarri,2006,Left-Back,19,4,0,0,0,2.3260321374516823e-06,0,cv
Pablo Álvarez,2004,Right-Back,20,16,0,0,0,2.323606332692706e-06,0,cv
Martín Andrizzi,2000,Left Midfield,23,1,0,0,0,2.253221813861652e-06,0,cv
Willy CaballeroWilly Caballero,2003,Goalkeeper,21,8,0,0,0,2.192674861324734e-06,0,cv
Jonathan Mazzola,2010,Defensive Midfield,19,1,0,0,0,2.1894975504781456e-06,0,cv
Francesco Celeste,2013,Right Midfield,19,2,0,0,0,2.175000728129089e-06,0,cv
Julián Chicco,2018,Defensive Midfield,20,5,0,0,0,2.1740357447345045e-06,0,cv
Francisco Di Franco,2012,Attacking Midfield,17,3,0,0,0,2.1638312392366587e-06,0,cv
Marcelo Weigandt,2021,Right-Back,21,15,0,0,0,2.1317102547500527e-06,0,cv
Matías Cahais,2007,Centre-Back,19,5,0,0,0,2.1155792038930537e-06,0,cv
Gonzalo Escalante,2013,Central Midfield,20,5,0,0,0,2.094532187862506e-06,0,cv
Julián Ceballos,2023,Central Midfield,18,5,0,0,0,2.0482697146157578e-06,0,test
Eros Mancuso,2021,Right-Back,22,1,0,0,0,1.8719469830550958e-06,0,cv
Nahuel Zárate,2013,Left-Back,20,16,0,0,0,1.7578336759422505e-06,0,cv
Walter Bou,2019,Centre-Forward,25,3,0,0,0,1.7454079892472294e-06,0,cv
Jabes Saralegui,2022,Central Midfield,19,4,0,0,0,1.7353328644584872e-06,0,test
Brandon Cortés,2022,Attacking Midfield,21,1,0,0,0,1.722211379641186e-06,0,cv
Gastón Ávila,2019,Centre-Back,17,5,0,0,0,1.7142992989234936e-06,0,cv
Ignacio Miramón,2024,Defensive Midfield,21,3,0,0,0,1.66310284606433e-06,0,test
Nicolás Valentini,2020,Centre-Back,19,1,0,0,0,1.641787933124273e-06,0,test
Pablo Migliore,2006,Goalkeeper,24,3,0,0,0,1.6017749672014763e-06,0,cv
Bréyner Bonilla,2009,Centre-Back,22,3,0,0,0,1.5973372334166754e-06,0,cv
Aarón Anselmino,2022,Centre-Back,17,5,0,0,0,1.54248250335797e-06,0,test
Carlos Fondacaro,2007,Right-Back,20,3,0,0,0,1.5415327914351598e-06,0,cv
Mateo Mendía,2023,Centre-Back,19,4,0,0,0,1.4629229700219927e-06,0,test
Héctor Carballo,2003,Defensive Midfield,23,1,0,0,0,1.4515943147849288e-06,0,cv
Sebastián D’AngeloS. D’Angelo,2011,Goalkeeper,22,2,0,0,0,1.4493381309252707e-06,0,cv
Fredy Guarín,2005,Central Midfield,19,2,0,0,0,1.427814162904467e-06,0,cv
Mateo Mendía,2024,Centre-Back,20,3,0,0,0,1.3121844129732702e-06,0,test
Tomás Pochettino,2014,Attacking Midfield,18,1,0,0,0,1.2910115437801708e-06,0,cv
Santiago Villafañe,2006,Defensive Midfield,18,4,0,0,0,1.209795783971894e-06,0,cv
Julián Chicco,2015,Defensive Midfield,17,3,0,0,0,1.1578798283188785e-06,0,cv
Sebastián Prediger,2009,Defensive Midfield,22,3,0,0,0,1.1166324071928054e-06,0,cv
Esteban Orfano,2010,Right Midfield,18,2,0,0,0,1.0811197020235427e-06,0,cv
Carlos Quiñónez,2000,Midfield,20,1,0,0,0,1.059569653156129e-06,0,cv
Renzo Giampaoli,2020,Centre-Back,20,2,0,0,0,1.0247200028948512e-06,0,cv
Josué Ayala,2008,Goalkeeper,20,1,0,0,0,1.0196675894545592e-06,0,cv
Federico Bravo,2014,Central Midfield,20,10,0,0,0,1.0113805459994843e-06,0,cv
Franco Fragapane,2013,Left Winger,20,3,0,0,0,1.0045194679424424e-06,0,cv
Kevin Mac Allister,2018,Centre-Back,20,2,0,0,0,9.467611094336068e-07,0,cv
Marcos Mondaini,2006,Centre-Forward,21,4,0,0,0,9.087761563522406e-07,0,cv
Cristian Álvarez,2011,Attacking Midfield,18,4,0,0,0,8.387757967758235e-07,0,cv
Nahuel Genez,2022,Left-Back,19,1,0,0,0,7.659269610960619e-07,0,cv
Marcelo Weigandt,2019,Right-Back,19,4,0,0,0,7.440469367218366e-07,0,cv
Seba Pérez,2017,Defensive Midfield,24,7,0,0,0,7.325636132899524e-07,0,cv
Andrés Franzoia,2005,Centre-Forward,19,3,0,0,0,7.051116840622925e-07,0,cv
Joel Acosta,2010,Right Winger,19,1,0,0,0,7.004995208755728e-07,0,cv
Walter Molas,2023,Centre-Back,19,2,0,0,0,6.892807124820471e-07,0,test
Víctor Ormazabal,2003,Central Midfield,18,7,0,0,0,5.87504899021146e-07,0,cv
Agustín García Basso,2012,Centre-Back,20,1,0,0,0,5.799069821037402e-07,0,cv
Cata DíazCata Díaz,2006,Centre-Back,26,41,3,2,0,5.536236594153614e-07,0,cv
Sebastián Nayar,2007,Central Midfield,19,1,0,0,0,5.50426414624641e-07,0,cv
Federico León,2003,Centre-Back,18,1,0,0,0,5.065815813092185e-07,0,cv
Agustín Sández,2019,Left-Back,18,2,0,0,0,4.759253960741915e-07,0,cv
Gonzalo Morales,2022,Centre-Forward,19,2,0,0,0,4.220931406878832e-07,0,cv
Carlos Fondacaro,2008,Right-Back,21,5,0,0,0,3.454261895596904e-07,0,cv
Roberto Colautti,2001,Centre-Forward,19,3,0,0,0,2.7581575478871954e-07,0,cv
Julio César Alcorse,2000,Centre-Forward,18,1,0,0,0,2.711276249395178e-07,0,cv
Pablo Álvarez,2002,Right-Back,18,4,0,0,0,2.561096536112782e-07,0,cv
Mikael Yourassowsky,2003,Left-Back,20,2,0,0,0,2.5593168504291e-07,0,cv
Santiago Villafañe,2009,Defensive Midfield,21,3,0,0,0,2.1790543360181657e-07,0,cv
Dylan Gorosito,2023,Right-Back,17,1,0,0,0,1.9912385588301798e-07,0,test
Sergio Guillermo,2000,Attack,20,1,0,0,0,1.9367881422120738e-07,0,cv
Juan Pablo Caffa,2002,Left Midfield,17,1,0,0,0,1.9260292431834316e-07,0,cv
Jonathan Mazzola,2011,Defensive Midfield,20,1,0,0,0,1.3784720183076075e-07,0,cv
Pedro Silva Torrejón,2015,Left-Back,18,2,0,0,0,1.0868760653354313e-07,0,cv
Christian Cellay,2010,Centre-Back,28,19,2,0,0,1.0310932690773888e-07,0,cv
Adrián Gunino,2009,Right-Back,20,1,0,0,0,9.597954366746445e-08,0,cv
Emanuel Insúa,2011,Left-Back,20,2,0,0,0,9.555538091701259e-08,0,cv
Nicolás Burdisso,2001,Centre-Back,20,33,2,2,0,9.460844130295238e-08,0,cv
Luis Ibáñez,2007,Left-Back,18,2,0,0,0,7.797499287504957e-08,0,cv
Nicolás Capaldo,2019,Centre-Back,20,38,0,2,0,5.8831855225345496e-08,0,cv
Claudio Pérez,2013,Centre-Back,27,19,1,1,0,4.313844242150087e-08,0,cv
Paolo Goltz,2017,Centre-Back,32,26,1,1,0,3.154450449287395e-08,0,cv
Cristian Traverso,2004,Centre-Back,32,23,0,1,0,1.25731222360219e-08,0,cv
Júnior AlonsoJúnior Alonso,2019,Centre-Back,26,17,0,2,0,1.1560665675518918e-08,0,cv
Juan Forlín,2013,Centre-Back,25,24,1,0,0,4.46951497575907e-09,0,cv
Jonatan Maidana,2006,Centre-Back,20,23,1,0,0,1.7160879579663831e-09,0,cv
Matías Caruzzo,2011,Centre-Back,26,23,0,0,0,4.878384082279546e-10,0,cv
Matías Silvestre,2004,Centre-Back,19,15,0,0,0,2.3369463102250706e-10,0,cv
Matías Silvestre,2003,Centre-Back,18,6,0,0,0,1.1516791708589376e-10,0,cv
Matías Silvestre,2007,Centre-Back,22,2,0,0,0,1.0995606898486866e-10,0,cv
Gabriel Paletta,2008,Centre-Back,22,18,0,0,0,1.0812277889807305e-10,0,cv
Facundo Roncaglia,2007,Centre-Back,20,12,0,0,0,6.540301261028279e-11,0,cv
Lisandro Magallán,2012,Centre-Back,18,11,0,0,0,4.9058965308569e-11,0,cv
Facundo Imboden,2003,Centre-Back,23,1,0,0,0,3.222850694431517e-12,0,cv
David Achucarro,2011,Centre-Back,20,1,0,0,0,2.67254204352274e-12,0,cv
Fernando Evangelista,2012,Centre-Back,20,2,0,0,0,2.6100132403519184e-12,0,cv
